{"renderManager":{"materialManager":{"water_pWaveFrequency":{"uniformType":"float","value":0.25},"water_pWaveHeight":{"uniformType":"float","value":0.4},"water_pWaterColor":{"uniformType":"color","value":{"r":1,"g":0.14126329113044458,"b":0.45641102317066595}},"cube_pShadowColor":{"uniformType":"color","value":{"r":1,"g":0.14126329113044458,"b":0.45641102317066595}},"cube_pHalfLitColor":{"uniformType":"color","value":{"r":0.4392156862745098,"g":0.5254901960784314,"b":0.7058823529411765}},"cube_pLitColor":{"uniformType":"color","value":{"r":0.4117647058823529,"g":0.396078431372549,"b":0.7450980392156863}},"cube_pShadowThreshold":{"uniformType":"float","value":-0.05},"cube_pHalfLitThreshold":{"uniformType":"float","value":0.45}}}}