{"renderManager":{"materialManager":{"data":{"water_pWaveFrequency":{"uniformType":"float","value":0.3},"water_pWaveHeight":{"uniformType":"float","value":0.15},"water_pWaterColor":{"uniformType":"color","value":{"r":0.2901960784313726,"g":0.4588235294117647,"b":0.8509803921568627}},"cube_pShadowColor":{"uniformType":"color","value":{"r":0.17647058823529413,"g":0.17647058823529413,"b":0.17647058823529413}},"cube_pHalfLitColor":{"uniformType":"color","value":{"r":0.6196078431372549,"g":0.6196078431372549,"b":0.6196078431372549}},"cube_pLitColor":{"uniformType":"color","value":{"r":0.9019607843137255,"g":0.9019607843137255,"b":0.9019607843137255}},"cube_pShadowThreshold":{"uniformType":"float","value":0.05},"cube_pHalfLitThreshold":{"uniformType":"float","value":0.6}}}}}